"date","beneficiary","email","campaign","amount","donor","address"
"Jun 24th 2016","The Andrew Foundation","astanley86+john@gmail.com","Honor Fr Ted and support the hospital","$250","astanley86+john","null,null, null, null"
"Jul 15th 2016","The Andrew Foundation","kandepu.deepthi127@gmail.com","Honor Fr Ted and support the hospital","$10","deepthi12 kandepu1","null,New York, United States, 11419"
"Jun 6th 2016","The Andrew Foundation","kandepu.deepthi906@gmail.com","Just for fun","$25","deepthi12 kandepu","Bonner Springs,Kansas, United States, 66012"
"Jun 6th 2016","The Andrew Foundation","kandepu.deepthi906@gmail.com","Just for fun","$25","deepthi12 kandepu","Bonner Springs,Kansas, United States, 66012"
"Jun 6th 2016","The Andrew Foundation","kandepu.deepthi906@gmail.com","Just for fun","$25","deepthi12 kandepu","Bonner Springs,Kansas, United States, 66012"
"Jun 6th 2016","The Andrew Foundation","kandepu.deepthi906@gmail.com","Just for fun","$25","deepthi12 kandepu","Bonner Springs,Kansas, United States, 66012"
"Jun 6th 2016","The Andrew Foundation","tina@wonderwe.com","Provide free youth tutoring services","$50","Tina Xiaho","Overland Park,Kansas, United States, 66210"
"Jun 13th 2016","The Andrew Foundation","bill@wonderwe.com","Provide free youth tutoring services","$50","Bill Bradley","Overland Park,Kansas, United States, 66210"
"Jun 13th 2016","The Andrew Foundation","bill@wonderwe.com","Provide free youth tutoring services","$25","Bill Bradley","Overland Park,Kansas, United States, 66210"
"Jun 13th 2016","The Andrew Foundation","bill@wonderwe.com","Provide free youth tutoring services","$30","Bill Bradley","Overland Park,Kansas, United States, 66210"
"Jun 27th 2016","The Andrew Foundation","para.ram.mec27@gmail.com","Provide free youth tutoring services","$100","ram para","New York,New York, United States, 10001"
"Jun 6th 2016","The Andrew Foundation","travis@wonderwe.com","Provide free youth tutoring services","$200","Travis Broxton","Overland Park,Kansas, United States, 66210"
"Jun 6th 2016","The Andrew Foundation","amanda@wonderwe.com","Provide free youth tutoring services","$50","Amanda Bliss","Overland Park,Kansas, United States, 66210"
"Jun 6th 2016","The Andrew Foundation","jill@wonderwe.com","Provide free youth tutoring services","$25","Jill Flanhery","Overland Park,Kansas, United States, 66210"
"Jun 23rd 2016","The Andrew Foundation","koya.sudheer@gmail.com","Provide free youth tutoring services","$10","sudheer koya",",123, ,Los Angeles, California, United States, 90001"
"Jun 23rd 2016","The Andrew Foundation","koya.sudheer@gmail.com","Provide free youth tutoring services","$10","sudheer koya",",123, ,Los Angeles, California, United States, 90001"
"Jun 23rd 2016","The Andrew Foundation","bhagyam739+12@gmail.com","Provide free youth tutoring services","$10","bhagya b","Los Angeles,California, United States, 90017"
"Jun 24th 2016","The Andrew Foundation","alekhya.surabattina@gmail.com","Provide free youth tutoring services","$10","alekhya surabattina","yuhufbuhj, jijijjlk,Barcelona, Barcelona, Spain, 09947"
"Jun 24th 2016","The Andrew Foundation","alekhya.surabattina@gmail.com","Provide free youth tutoring services","$10","alekhya surabattina","yuhufbuhj, jijijjlk,Barcelona, Barcelona, Spain, 09947"
"Jun 24th 2016","The Andrew Foundation","alekhya.surabattina@gmail.com","Provide free youth tutoring services","$10","alekhya surabattina","yuhufbuhj, jijijjlk,Barcelona, Barcelona, Spain, 09947"
"Jun 24th 2016","The Andrew Foundation","alekhya.surabattina@gmail.com","Provide free youth tutoring services","$30","alekhya surabattina","yuhufbuhj, jijijjlk,Barcelona, Barcelona, Spain, 09947"
"Jun 27th 2016","The Andrew Foundation","para.ram.mec27@gmail.com","Provide free youth tutoring services","$100","ram para","New York,New York, United States, 10001"
"Jun 29th 2016","The Andrew Foundation","kusuma.isolvers+qa1@gmail.com","Provide free youth tutoring services","$12","kusuma jammula","Overland Park,Kansas, United States, 66223"
"Jun 30th 2016","The Andrew Foundation","kandepu.deepthi127@gmail.com","Provide free youth tutoring services","$25","deepthi12 kandepu1","null,New York, United States, 11419"
"Jul 14th 2016","The Andrew Foundation","volunteer.trinesh@gmail.com","Provide free youth tutoring services","$100","Trinesh Yadla","Address One, Address two,Overland Park, Kansas, United States, 66223"
"Jul 17th 2016","The Andrew Foundation","bvnkumar007+28@gmail.com","Provide free youth tutoring services","$12","narendra kumar","Los Angeles,California, United States, 90001"
"Jul 18th 2016","The Andrew Foundation","bhagyam739@gmail.com","Provide free youth tutoring services","$10","Bhagyasree Byrapuneni","Overland Park,Kansas, United States, 66223"
"Jun 6th 2016","The Andrew Foundation","bill@wonderwe.com","Provide free youth tutoring services","$10","Bill Bradley","Overland Park,Kansas, United States, 66210"
"Jun 6th 2016","The Andrew Foundation","lucy@wonderwe.com","Provide free youth tutoring services","$100","Lucy Yasner","Overland Park,Kansas, United States, 66210"